"LCNumber","FolderName","RelativePath"
"1087","LC1087_Brace_Expansion","LeetCodePatternsVisualCombo/Backtracking/leetcode_backtracking_java_25/LC1087_Brace_Expansion/29.12.2025_15.39.54_REC.mp4"
"131","LC131_Palindrome_Partitioning","LeetCodePatternsVisualCombo/Backtracking/leetcode_backtracking_java_25/LC131_Palindrome_Partitioning/29.12.2025_13.23.33_REC.mp4"
"140","LC140_Word_Break_II","LeetCodePatternsVisualCombo/Backtracking/leetcode_backtracking_java_25/LC140_Word_Break_II/29.12.2025_13.35.30_REC.mp4"
"17","LC17_Letter_Combinations_of_a_Phone_Number","LeetCodePatternsVisualCombo/Backtracking/leetcode_backtracking_java_25/LC17_Letter_Combinations_of_a_Phone_Number/20.12.2025_11.52.18_REC.mp4"
"216","LC216_Combination_Sum_III","LeetCodePatternsVisualCombo/Backtracking/leetcode_backtracking_java_25/LC216_Combination_Sum_III/29.12.2025_13.43.23_REC.mp4"
"22","LC22_Generate_Parentheses","LeetCodePatternsVisualCombo/Backtracking/leetcode_backtracking_java_25/LC22_Generate_Parentheses/23.12.2025_21.34.09_REC.mp4"
"282","LC282_Expression_Add_Operators","LeetCodePatternsVisualCombo/Backtracking/leetcode_backtracking_java_25/LC282_Expression_Add_Operators/29.12.2025_13.53.55_REC.mp4"
"37","LC37_Sudoku_Solver","LeetCodePatternsVisualCombo/Backtracking/leetcode_backtracking_java_25/LC37_Sudoku_Solver/29.12.2025_10.42.46_REC.mp4"
"39","LC39_Combination_Sum","LeetCodePatternsVisualCombo/Backtracking/leetcode_backtracking_java_25/LC39_Combination_Sum/23.12.2025_21.47.01_REC.mp4"
"401","LC401_Binary_Watch","LeetCodePatternsVisualCombo/Backtracking/leetcode_backtracking_java_25/LC401_Binary_Watch/29.12.2025_14.02.54_REC.mp4"
"40","LC40_Combination_Sum_II","LeetCodePatternsVisualCombo/Backtracking/leetcode_backtracking_java_25/LC40_Combination_Sum_II/23.12.2025_22.03.08_REC.mp4"
"46","LC46_Permutations","LeetCodePatternsVisualCombo/Backtracking/leetcode_backtracking_java_25/LC46_Permutations/21.12.2025_12.01.09_REC.mp4"
"46","LC46_Permutations","LeetCodePatternsVisualCombo/Backtracking/leetcode_backtracking_java_25/LC46_Permutations/30.12.2025_10.11.17_REC.mp4"
"473","LC473_Matchsticks_to_Square","LeetCodePatternsVisualCombo/Backtracking/leetcode_backtracking_java_25/LC473_Matchsticks_to_Square/29.12.2025_14.14.41_REC.mp4"
"47","LC47_Permutations_II","LeetCodePatternsVisualCombo/Backtracking/leetcode_backtracking_java_25/LC47_Permutations_II/30.12.2025_11.53.49_REC.mp4"
"491","LC491_Non_decreasing_Subsequences","LeetCodePatternsVisualCombo/Backtracking/leetcode_backtracking_java_25/LC491_Non_decreasing_Subsequences/29.12.2025_14.22.51_REC.mp4"
"51","LC51_N_Queens","LeetCodePatternsVisualCombo/Backtracking/leetcode_backtracking_java_25/LC51_N_Queens/20.12.2025_12.25.46_REC.mp4"
"526","LC526_Beautiful_Arrangement","LeetCodePatternsVisualCombo/Backtracking/leetcode_backtracking_java_25/LC526_Beautiful_Arrangement/29.12.2025_14.34.49_REC.mp4"
"52","LC52_N_Queens_II","LeetCodePatternsVisualCombo/Backtracking/leetcode_backtracking_java_25/LC52_N_Queens_II/20.12.2025_12.42.01_REC.mp4"
"698","LC698_Partition_to_K_Equal_Sum_Subsets","LeetCodePatternsVisualCombo/Backtracking/leetcode_backtracking_java_25/LC698_Partition_to_K_Equal_Sum_Subsets/29.12.2025_14.40.46_REC.mp4"
"77","LC77_Combinations","LeetCodePatternsVisualCombo/Backtracking/leetcode_backtracking_java_25/LC77_Combinations/29.12.2025_11.21.04_REC.mp4"
"784","LC784_Letter_Case_Permutation","LeetCodePatternsVisualCombo/Backtracking/leetcode_backtracking_java_25/LC784_Letter_Case_Permutation/29.12.2025_15.18.49_REC.mp4"
"78","LC78_Subsets","LeetCodePatternsVisualCombo/Backtracking/leetcode_backtracking_java_25/LC78_Subsets/29.12.2025_12.41.41_REC.mp4"
"79","LC79_Word_Search","LeetCodePatternsVisualCombo/Backtracking/leetcode_backtracking_java_25/LC79_Word_Search/23.12.2025_22.27.49_REC.mp4"
"90","LC90_Subsets_II","LeetCodePatternsVisualCombo/Backtracking/leetcode_backtracking_java_25/LC90_Subsets_II/29.12.2025_12.48.08_REC.mp4"
"93","LC93_Restore_IP_Addresses","LeetCodePatternsVisualCombo/Backtracking/leetcode_backtracking_java_25/LC93_Restore_IP_Addresses/29.12.2025_13.06.26_REC.mp4"
"1011","LC1011_Capacity_To_Ship_Packages_Within_D_Days","LeetCodePatternsVisualCombo/Binary Search/leetcode_binary_search_java_25_with_main/LC1011_Capacity_To_Ship_Packages_Within_D_Days/24.12.2025_15.10.24_REC.mp4"
"1283","LC1283_Find_the_Smallest_Divisor_Given_a_Threshold","LeetCodePatternsVisualCombo/Binary Search/leetcode_binary_search_java_25_with_main/LC1283_Find_the_Smallest_Divisor_Given_a_Threshold/20.12.2025_15.53.51_REC.mp4"
"1482","LC1482_Minimum_Number_of_Days_to_Make_m_Bouquets","LeetCodePatternsVisualCombo/Binary Search/leetcode_binary_search_java_25_with_main/LC1482_Minimum_Number_of_Days_to_Make_m_Bouquets/24.12.2025_15.22.25_REC.mp4"
"153","LC153_Find_Minimum_in_Rotated_Sorted_Array","LeetCodePatternsVisualCombo/Binary Search/leetcode_binary_search_java_25_with_main/LC153_Find_Minimum_in_Rotated_Sorted_Array/24.12.2025_14.32.00_REC.mp4"
"1552","LC1552_Magnetic_Force_Between_Two_Balls","LeetCodePatternsVisualCombo/Binary Search/leetcode_binary_search_java_25_with_main/LC1552_Magnetic_Force_Between_Two_Balls/24.12.2025_15.29.48_REC.mp4"
"162","LC162_Find_Peak_Element","LeetCodePatternsVisualCombo/Binary Search/leetcode_binary_search_java_25_with_main/LC162_Find_Peak_Element/24.12.2025_14.34.17_REC.mp4"
"300","LC300_Longest_Increasing_Subsequence","LeetCodePatternsVisualCombo/Binary Search/leetcode_binary_search_java_25_with_main/LC300_Longest_Increasing_Subsequence/24.12.2025_14.37.38_REC.mp4"
"300","LC300_Longest_Increasing_Subsequence","LeetCodePatternsVisualCombo/Binary Search/leetcode_binary_search_java_25_with_main/LC300_Longest_Increasing_Subsequence/27.12.2025_14.36.30_REC.mp4"
"300","LC300_Longest_Increasing_Subsequence","LeetCodePatternsVisualCombo/Binary Search/leetcode_binary_search_java_25_with_main/LC300_Longest_Increasing_Subsequence/27.12.2025_15.37.44_REC.mp4"
"33","LC33_Search_in_Rotated_Sorted_Array","LeetCodePatternsVisualCombo/Binary Search/leetcode_binary_search_java_25_with_main/LC33_Search_in_Rotated_Sorted_Array/20.12.2025_16.11.08_REC.mp4"
"34","LC34_Find_First_and_Last_Position_of_Element_in_Sorted_Array","LeetCodePatternsVisualCombo/Binary Search/leetcode_binary_search_java_25_with_main/LC34_Find_First_and_Last_Position_of_Element_in_Sorted_Array/24.12.2025_14.22.12_REC.mp4"
"354","LC354_Russian_Doll_Envelopes","LeetCodePatternsVisualCombo/Binary Search/leetcode_binary_search_java_25_with_main/LC354_Russian_Doll_Envelopes/24.12.2025_14.43.36_REC.mp4"
"35","LC35_Search_Insert_Position","LeetCodePatternsVisualCombo/Binary Search/leetcode_binary_search_java_25_with_main/LC35_Search_Insert_Position/24.12.2025_14.25.34_REC.mp4"
"367","LC367_Valid_Perfect_Square","LeetCodePatternsVisualCombo/Binary Search/leetcode_binary_search_java_25_with_main/LC367_Valid_Perfect_Square/20.12.2025_16.06.52_REC.mp4"
"410","LC410_Split_Array_Largest_Sum","LeetCodePatternsVisualCombo/Binary Search/leetcode_binary_search_java_25_with_main/LC410_Split_Array_Largest_Sum/24.12.2025_14.47.59_REC.mp4"
"4","LC4_Median_of_Two_Sorted_Arrays","LeetCodePatternsVisualCombo/Binary Search/leetcode_binary_search_java_25_with_main/LC4_Median_of_Two_Sorted_Arrays/24.12.2025_14.18.49_REC.mp4"
"540","LC540_Single_Element_in_a_Sorted_Array","LeetCodePatternsVisualCombo/Binary Search/leetcode_binary_search_java_25_with_main/LC540_Single_Element_in_a_Sorted_Array/24.12.2025_14.53.44_REC.mp4"
"69","LC69_Sqrt_x","LeetCodePatternsVisualCombo/Binary Search/leetcode_binary_search_java_25_with_main/LC69_Sqrt_x/24.12.2025_14.27.35_REC.mp4"
"704","LC704_Binary_Search","LeetCodePatternsVisualCombo/Binary Search/leetcode_binary_search_java_25_with_main/LC704_Binary_Search/24.12.2025_14.58.49_REC.mp4"
"719","LC719_Find_K_th_Smallest_Pair_Distance","LeetCodePatternsVisualCombo/Binary Search/leetcode_binary_search_java_25_with_main/LC719_Find_K_th_Smallest_Pair_Distance/24.12.2025_15.00.54_REC.mp4"
"744","LC744_Find_Smallest_Letter_Greater_Than_Target","LeetCodePatternsVisualCombo/Binary Search/leetcode_binary_search_java_25_with_main/LC744_Find_Smallest_Letter_Greater_Than_Target/24.12.2025_15.03.47_REC.mp4"
"74","LC74_Search_a_2D_Matrix","LeetCodePatternsVisualCombo/Binary Search/leetcode_binary_search_java_25_with_main/LC74_Search_a_2D_Matrix/20.12.2025_15.17.16_REC.mp4"
"81","LC81_Search_in_Rotated_Sorted_Array_II","LeetCodePatternsVisualCombo/Binary Search/leetcode_binary_search_java_25_with_main/LC81_Search_in_Rotated_Sorted_Array_II/24.12.2025_14.30.15_REC.mp4"
"852","LC852_Peak_Index_in_a_Mountain_Array","LeetCodePatternsVisualCombo/Binary Search/leetcode_binary_search_java_25_with_main/LC852_Peak_Index_in_a_Mountain_Array/24.12.2025_15.06.56_REC.mp4"
"875","LC875_Koko_Eating_Bananas","LeetCodePatternsVisualCombo/Binary Search/leetcode_binary_search_java_25_with_main/LC875_Koko_Eating_Bananas/20.12.2025_15.40.37_REC.mp4"
"1143","LC1143_LongestCommonSubsequence","LeetCodePatternsVisualCombo/Dynamic Programming(Bottom-Up)/LC1143_LongestCommonSubsequence/21.12.2025_14.10.50_REC.mp4"
"120","LC120_Triangle","LeetCodePatternsVisualCombo/Dynamic Programming(Bottom-Up)/LC120_Triangle/21.12.2025_13.05.37_REC.mp4"
"139","LC139_WordBreak","LeetCodePatternsVisualCombo/Dynamic Programming(Bottom-Up)/LC139_WordBreak/21.12.2025_20.29.55_REC.mp4"
"152","LC152_Max_ProductSubarray","LeetCodePatternsVisualCombo/Dynamic Programming(Bottom-Up)/LC152_Max_ProductSubarray/21.12.2025_14.44.37_REC.mp4"
"152","LC152_Max_ProductSubarray","LeetCodePatternsVisualCombo/Dynamic Programming(Bottom-Up)/LC152_Max_ProductSubarray/21.12.2025_14.48.31_REC.mp4"
"152","LC152_Max_ProductSubarray","LeetCodePatternsVisualCombo/Dynamic Programming(Bottom-Up)/LC152_Max_ProductSubarray/27.12.2025_10.16.08_REC.mp4"
"174","LC174_DungeonGame","LeetCodePatternsVisualCombo/Dynamic Programming(Bottom-Up)/LC174_DungeonGame/21.12.2025_14.20.02_REC.mp4"
"198","LC198-HouseRobber","LeetCodePatternsVisualCombo/Dynamic Programming(Bottom-Up)/LC198-HouseRobber/17.12.2025_14.35.17_REC.mp4"
"213","LC213_HouseRobber_II","LeetCodePatternsVisualCombo/Dynamic Programming(Bottom-Up)/LC213_HouseRobber_II/21.12.2025_13.20.48_REC.mp4"
"221","LC221_MaximalSquare","LeetCodePatternsVisualCombo/Dynamic Programming(Bottom-Up)/LC221_MaximalSquare/21.12.2025_13.29.46_REC.mp4"
"279","LC279_PerfectSquares","LeetCodePatternsVisualCombo/Dynamic Programming(Bottom-Up)/LC279_PerfectSquares/21.12.2025_13.39.24_REC.mp4"
"368","LC368_LargestDivisibleSubset","LeetCodePatternsVisualCombo/Dynamic Programming(Bottom-Up)/LC368_LargestDivisibleSubset/21.12.2025_20.02.18_REC.mp4"
"368","LC368_LargestDivisibleSubset","LeetCodePatternsVisualCombo/Dynamic Programming(Bottom-Up)/LC368_LargestDivisibleSubset/21.12.2025_20.16.04_REC.mp4"
"376","LC376_WiggleSubsequence","LeetCodePatternsVisualCombo/Dynamic Programming(Bottom-Up)/LC376_WiggleSubsequence/21.12.2025_19.55.32_REC.mp4"
"44","LC44_WildcardMatching","LeetCodePatternsVisualCombo/Dynamic Programming(Bottom-Up)/LC44_WildcardMatching/19.12.2025_16.19.46_REC.mp4"
"44","LC44_WildcardMatching","LeetCodePatternsVisualCombo/Dynamic Programming(Bottom-Up)/LC44_WildcardMatching/21.12.2025_14.40.25_REC.mp4"
"518","LC518_CoinChangeII","LeetCodePatternsVisualCombo/Dynamic Programming(Bottom-Up)/LC518_CoinChangeII/21.12.2025_13.47.37_REC.mp4"
"11","LC11_Container_With_Most_Water","LeetCodePatternsVisualCombo/Fast&SlowPointers(Linked List)/leetcode_fast_slow_pointers_java_25/LC11_Container_With_Most_Water/25.12.2025_20.21.51_REC.mp4"
"15","LC15_3Sum","LeetCodePatternsVisualCombo/Fast&SlowPointers(Linked List)/leetcode_fast_slow_pointers_java_25/LC15_3Sum/25.12.2025_20.33.08_REC.mp4"
"16","LC16_3Sum_Closest","LeetCodePatternsVisualCombo/Fast&SlowPointers(Linked List)/leetcode_fast_slow_pointers_java_25/LC16_3Sum_Closest/25.12.2025_20.39.02_REC.mp4"
"18","LC18_4Sum","LeetCodePatternsVisualCombo/Fast&SlowPointers(Linked List)/leetcode_fast_slow_pointers_java_25/LC18_4Sum/25.12.2025_20.51.27_REC.mp4"
"19","LC19_Remove_Nth_Node_From_End_of_List","LeetCodePatternsVisualCombo/Fast&SlowPointers(Linked List)/leetcode_fast_slow_pointers_java_25/LC19_Remove_Nth_Node_From_End_of_List/25.12.2025_21.00.45_REC.mp4"
"21","LC21_Merge_Two_Sorted_Lists","LeetCodePatternsVisualCombo/Fast&SlowPointers(Linked List)/leetcode_fast_slow_pointers_java_25/LC21_Merge_Two_Sorted_Lists/25.12.2025_21.09.09_REC.mp4"
"234","LC234_Palindrome_Linked_List","LeetCodePatternsVisualCombo/Fast&SlowPointers(Linked List)/leetcode_fast_slow_pointers_java_25/LC234_Palindrome_Linked_List/25.12.2025_22.14.46_REC.mp4"
"26","LC26_Remove_Duplicates_from_Sorted_Array","LeetCodePatternsVisualCombo/Fast&SlowPointers(Linked List)/leetcode_fast_slow_pointers_java_25/LC26_Remove_Duplicates_from_Sorted_Array/25.12.2025_21.18.26_REC.mp4"
"27","LC27_Remove_Element","LeetCodePatternsVisualCombo/Fast&SlowPointers(Linked List)/leetcode_fast_slow_pointers_java_25/LC27_Remove_Element/25.12.2025_21.22.26_REC.mp4"
"283","LC283_Move_Zeroes","LeetCodePatternsVisualCombo/Fast&SlowPointers(Linked List)/leetcode_fast_slow_pointers_java_25/LC283_Move_Zeroes/25.12.2025_22.10.38_REC.mp4"
"287","LC287_Find_the_Duplicate_Number","LeetCodePatternsVisualCombo/Fast&SlowPointers(Linked List)/leetcode_fast_slow_pointers_java_25/LC287_Find_the_Duplicate_Number/25.12.2025_22.07.26_REC.mp4"
"344","LC344_Reverse_String","LeetCodePatternsVisualCombo/Fast&SlowPointers(Linked List)/leetcode_fast_slow_pointers_java_25/LC344_Reverse_String/25.12.2025_22.03.46_REC.mp4"
"392","LC392_Is_Subsequence","LeetCodePatternsVisualCombo/Fast&SlowPointers(Linked List)/leetcode_fast_slow_pointers_java_25/LC392_Is_Subsequence/25.12.2025_21.59.42_REC.mp4"
"457","LC457_Circular_Array_Loop","LeetCodePatternsVisualCombo/Fast&SlowPointers(Linked List)/leetcode_fast_slow_pointers_java_25/LC457_Circular_Array_Loop/25.12.2025_21.50.33_REC.mp4"
"61","LC61_Rotate_List","LeetCodePatternsVisualCombo/Fast&SlowPointers(Linked List)/leetcode_fast_slow_pointers_java_25/LC61_Rotate_List/25.12.2025_21.27.05_REC.mp4"
"82","LC82_Remove_Duplicates_from_Sorted_List_II","LeetCodePatternsVisualCombo/Fast&SlowPointers(Linked List)/leetcode_fast_slow_pointers_java_25/LC82_Remove_Duplicates_from_Sorted_List_II/25.12.2025_21.33.02_REC.mp4"
"83","LC83_Remove_Duplicates_from_Sorted_List","LeetCodePatternsVisualCombo/Fast&SlowPointers(Linked List)/leetcode_fast_slow_pointers_java_25/LC83_Remove_Duplicates_from_Sorted_List/25.12.2025_21.37.46_REC.mp4"
"876","LC876_Middle_of_the_Linked_List","LeetCodePatternsVisualCombo/Fast&SlowPointers(Linked List)/leetcode_fast_slow_pointers_java_25/LC876_Middle_of_the_Linked_List/25.12.2025_21.45.30_REC.mp4"
"977","LC977_Squares_of_a_Sorted_Array","LeetCodePatternsVisualCombo/Fast&SlowPointers(Linked List)/leetcode_fast_slow_pointers_java_25/LC977_Squares_of_a_Sorted_Array/25.12.2025_21.42.01_REC.mp4"
"1005","LC1005_Maximize_Sum_Of_Array_After_K_Negations","LeetCodePatternsVisualCombo/Greedy/leetcode_greedy_java_25/LC1005_Maximize_Sum_Of_Array_After_K_Negations/24.12.2025_13.19.57_REC.mp4"
"1029","LC1029_Two_City_Scheduling","LeetCodePatternsVisualCombo/Greedy/leetcode_greedy_java_25/LC1029_Two_City_Scheduling/24.12.2025_13.21.44_REC.mp4"
"1094","LC1094_Car_Pooling","LeetCodePatternsVisualCombo/Greedy/leetcode_greedy_java_25/LC1094_Car_Pooling/24.12.2025_13.23.33_REC.mp4"
"121","LC121_Best_Time_to_Buy_and_Sell_Stock","LeetCodePatternsVisualCombo/Greedy/leetcode_greedy_java_25/LC121_Best_Time_to_Buy_and_Sell_Stock/24.12.2025_12.03.34_REC.mp4"
"122","LC122_Best_Time_to_Buy_and_Sell_Stock_II","LeetCodePatternsVisualCombo/Greedy/leetcode_greedy_java_25/LC122_Best_Time_to_Buy_and_Sell_Stock_II/24.12.2025_12.44.18_REC.mp4"
"134","LC134_Gas_Station","LeetCodePatternsVisualCombo/Greedy/leetcode_greedy_java_25/LC134_Gas_Station/24.12.2025_12.46.34_REC.mp4"
"135","LC135_Candy","LeetCodePatternsVisualCombo/Greedy/leetcode_greedy_java_25/LC135_Candy/24.12.2025_12.49.22_REC.mp4"
"1710","LC1710_Maximum_Units_on_a_Truck","LeetCodePatternsVisualCombo/Greedy/leetcode_greedy_java_25/LC1710_Maximum_Units_on_a_Truck/24.12.2025_13.25.39_REC.mp4"
"1903","LC1903_Largest_Odd_Number_in_String","LeetCodePatternsVisualCombo/Greedy/leetcode_greedy_java_25/LC1903_Largest_Odd_Number_in_String/24.12.2025_13.27.42_REC.mp4"
"376","LC376_Wiggle_Subsequence","LeetCodePatternsVisualCombo/Greedy/leetcode_greedy_java_25/LC376_Wiggle_Subsequence/24.12.2025_12.52.15_REC.mp4"
"392","LC392_Is_Subsequence","LeetCodePatternsVisualCombo/Greedy/leetcode_greedy_java_25/LC392_Is_Subsequence/24.12.2025_12.54.19_REC.mp4"
"435","LC435_Non_overlapping_Intervals","LeetCodePatternsVisualCombo/Greedy/leetcode_greedy_java_25/LC435_Non_overlapping_Intervals/24.12.2025_12.56.27_REC.mp4"
"452","LC452_Minimum_Number_of_Arrows_to_Burst_Balloons","LeetCodePatternsVisualCombo/Greedy/leetcode_greedy_java_25/LC452_Minimum_Number_of_Arrows_to_Burst_Balloons/24.12.2025_12.58.33_REC.mp4"
"45","LC45_Jump_Game_II","LeetCodePatternsVisualCombo/Greedy/leetcode_greedy_java_25/LC45_Jump_Game_II/24.12.2025_11.56.55_REC.mp4"
"55","LC55_Jump_Game","LeetCodePatternsVisualCombo/Greedy/leetcode_greedy_java_25/LC55_Jump_Game/24.12.2025_11.59.54_REC.mp4"
"621","LC621_Task_Scheduler","LeetCodePatternsVisualCombo/Greedy/leetcode_greedy_java_25/LC621_Task_Scheduler/24.12.2025_13.00.47_REC.mp4"
"646","LC646_Maximum_Length_of_Pair_Chain","LeetCodePatternsVisualCombo/Greedy/leetcode_greedy_java_25/LC646_Maximum_Length_of_Pair_Chain/24.12.2025_13.03.50_REC.mp4"
"714","LC714_Best_Time_to_Buy_and_Sell_Stock_with_Transaction_Fee","LeetCodePatternsVisualCombo/Greedy/leetcode_greedy_java_25/LC714_Best_Time_to_Buy_and_Sell_Stock_with_Transaction_Fee/24.12.2025_13.06.27_REC.mp4"
"738","LC738_Monotone_Increasing_Digits","LeetCodePatternsVisualCombo/Greedy/leetcode_greedy_java_25/LC738_Monotone_Increasing_Digits/24.12.2025_13.08.49_REC.mp4"
"763","LC763_Partition_Labels","LeetCodePatternsVisualCombo/Greedy/leetcode_greedy_java_25/LC763_Partition_Labels/24.12.2025_13.11.06_REC.mp4"
"860","LC860_Lemonade_Change","LeetCodePatternsVisualCombo/Greedy/leetcode_greedy_java_25/LC860_Lemonade_Change/24.12.2025_13.15.36_REC.mp4"
"948","LC948_Bag_of_Tokens","LeetCodePatternsVisualCombo/Greedy/leetcode_greedy_java_25/LC948_Bag_of_Tokens/24.12.2025_13.17.43_REC.mp4"
"1","LC1_Two_Sum","LeetCodePatternsVisualCombo/Hash Map or Frequency/leetcode_hashmap_frequency_java_25/LC1_Two_Sum/17.12.2025_11.51.44_REC.mp4"
"242","LC242_Valid_Anagram","LeetCodePatternsVisualCombo/Hash Map or Frequency/leetcode_hashmap_frequency_java_25/LC242_Valid_Anagram/20.12.2025_16.30.58_REC.mp4"
"290","LC290_Word_Pattern","LeetCodePatternsVisualCombo/Hash Map or Frequency/leetcode_hashmap_frequency_java_25/LC290_Word_Pattern/20.12.2025_16.19.44_REC.mp4"
"347","LC347_Top_K_Frequent_Elements","LeetCodePatternsVisualCombo/Hash Map or Frequency/leetcode_hashmap_frequency_java_25/LC347_Top_K_Frequent_Elements/20.12.2025_16.54.56_REC.mp4"
"49","LC49_Group_Anagrams","LeetCodePatternsVisualCombo/Hash Map or Frequency/leetcode_hashmap_frequency_java_25/LC49_Group_Anagrams/20.12.2025_16.47.09_REC.mp4"
"1004","LC1004_Max_Consecutive_Ones_III","LeetCodePatternsVisualCombo/Sliding Window/leetcode_sliding_window_java_25/LC1004_Max_Consecutive_Ones_III/29.12.2025_14.42.47_REC.mp4"
"159","LC159_Longest_Substring_with_At_Most_Two_Distinct_Characters","LeetCodePatternsVisualCombo/Sliding Window/leetcode_sliding_window_java_25/LC159_Longest_Substring_with_At_Most_Two_Distinct_Characters/29.12.2025_10.20.52_REC.mp4"
"1658","LC1658_Minimum_Operations_to_Reduce_X_to_Zero","LeetCodePatternsVisualCombo/Sliding Window/leetcode_sliding_window_java_25/LC1658_Minimum_Operations_to_Reduce_X_to_Zero/29.12.2025_15.27.43_REC.mp4"
"1838","LC1838_Frequency_of_the_Most_Frequent_Element","LeetCodePatternsVisualCombo/Sliding Window/leetcode_sliding_window_java_25/LC1838_Frequency_of_the_Most_Frequent_Element/29.12.2025_13.29.21_REC.mp4"
"187","LC187_Repeated_DNA_Sequences","LeetCodePatternsVisualCombo/Sliding Window/leetcode_sliding_window_java_25/LC187_Repeated_DNA_Sequences/29.12.2025_10.34.13_REC.mp4"
"209","LC209_Minimum_Size_Subarray_Sum","LeetCodePatternsVisualCombo/Sliding Window/leetcode_sliding_window_java_25/LC209_Minimum_Size_Subarray_Sum/29.12.2025_10.43.41_REC.mp4"
"239","LC239_Sliding_Window_Maximum","LeetCodePatternsVisualCombo/Sliding Window/leetcode_sliding_window_java_25/LC239_Sliding_Window_Maximum/29.12.2025_10.53.57_REC.mp4"
"340","LC340_Longest_Substring_with_At_Most_K_Distinct_Characters","LeetCodePatternsVisualCombo/Sliding Window/leetcode_sliding_window_java_25/LC340_Longest_Substring_with_At_Most_K_Distinct_Characters/29.12.2025_11.00.23_REC.mp4"
"395","LC395_Longest_Substring_with_At_Least_K_Repeating_Characters","LeetCodePatternsVisualCombo/Sliding Window/leetcode_sliding_window_java_25/LC395_Longest_Substring_with_At_Least_K_Repeating_Characters/29.12.2025_13.09.19_REC.mp4"
"3","LC3_Longest_Substring_Without_Repeating_Characters","LeetCodePatternsVisualCombo/Sliding Window/leetcode_sliding_window_java_25/LC3_Longest_Substring_Without_Repeating_Characters/29.12.2025_09.52.40_REC.mp4"
"567","LC567_Permutation_in_String","LeetCodePatternsVisualCombo/Sliding Window/leetcode_sliding_window_java_25/LC567_Permutation_in_String/29.12.2025_14.31.12_REC.mp4"
"76","LC76_Minimum_Window_Substring","LeetCodePatternsVisualCombo/Sliding Window/leetcode_sliding_window_java_25/LC76_Minimum_Window_Substring/29.12.2025_10.12.35_REC.mp4"
"930","LC930_Binary_Subarrays_With_Sum","LeetCodePatternsVisualCombo/Sliding Window/leetcode_sliding_window_java_25/LC930_Binary_Subarrays_With_Sum/29.12.2025_15.20.43_REC.mp4"
"995","LC995_Minimum_Number_of_K_Consecutive_Bit_Flips","LeetCodePatternsVisualCombo/Sliding Window/leetcode_sliding_window_java_25/LC995_Minimum_Number_of_K_Consecutive_Bit_Flips/29.12.2025_14.37.24_REC.mp4"
"102","LC102_Binary_Tree_Level_Order_Traversal","LeetCodePatternsVisualCombo/Trees/leetcode_trees_java_25/LC102_Binary_Tree_Level_Order_Traversal/17.12.2025_15.44.39_REC.mp4"
"110","LC110_Balanced_Binary_Tree","LeetCodePatternsVisualCombo/Trees/leetcode_trees_java_25/LC110_Balanced_Binary_Tree/20.12.2025_17.34.11_REC.mp4"
"112","LC112_Path_Sum","LeetCodePatternsVisualCombo/Trees/leetcode_trees_java_25/LC112_Path_Sum/20.12.2025_18.21.10_REC.mp4"
"114","LC114_Flatten_Binary_Tree_to_Linked_List","LeetCodePatternsVisualCombo/Trees/leetcode_trees_java_25/LC114_Flatten_Binary_Tree_to_Linked_List/20.12.2025_17.49.00_REC.mp4"
"226","LC226_Invert_Binary_Tree","LeetCodePatternsVisualCombo/Trees/leetcode_trees_java_25/LC226_Invert_Binary_Tree/20.12.2025_18.00.06_REC.mp4"
"617","LC617_Merge_Two_Binary_Trees","LeetCodePatternsVisualCombo/Trees/leetcode_trees_java_25/LC617_Merge_Two_Binary_Trees/20.12.2025_18.13.52_REC.mp4"
"11","LC11_Container_With_Most_Water","LeetCodePatternsVisualCombo/Two Pointers/leetcode_two_pointers_java_25/LC11_Container_With_Most_Water/24.12.2025_10.45.31_REC.mp4"
"125","LC125_Valid_Palindrome","LeetCodePatternsVisualCombo/Two Pointers/leetcode_two_pointers_java_25/LC125_Valid_Palindrome/24.12.2025_11.00.05_REC.mp4"
"15","LC15_3Sum","LeetCodePatternsVisualCombo/Two Pointers/leetcode_two_pointers_java_25/LC15_3Sum/19.12.2025_17.19.24_REC.mp4"
"167","LC167_Two_Sum_II_Input_Array_Is_Sorted","LeetCodePatternsVisualCombo/Two Pointers/leetcode_two_pointers_java_25/LC167_Two_Sum_II_Input_Array_Is_Sorted/24.12.2025_11.06.26_REC.mp4"
"189","LC189_Rotate_Array","LeetCodePatternsVisualCombo/Two Pointers/leetcode_two_pointers_java_25/LC189_Rotate_Array/24.12.2025_11.13.36_REC.mp4"
"26","LC26_Remove_Duplicates_from_Sorted_Array","LeetCodePatternsVisualCombo/Two Pointers/leetcode_two_pointers_java_25/LC26_Remove_Duplicates_from_Sorted_Array/24.12.2025_10.49.53_REC.mp4"
"27","LC27_Remove_Element","LeetCodePatternsVisualCombo/Two Pointers/leetcode_two_pointers_java_25/LC27_Remove_Element/24.12.2025_10.52.19_REC.mp4"
"283","LC283_Move_Zeroes","LeetCodePatternsVisualCombo/Two Pointers/leetcode_two_pointers_java_25/LC283_Move_Zeroes/24.12.2025_11.16.04_REC.mp4"
"344","LC344_Reverse_String","LeetCodePatternsVisualCombo/Two Pointers/leetcode_two_pointers_java_25/LC344_Reverse_String/24.12.2025_11.17.55_REC.mp4"
"345","LC345_Reverse_Vowels_of_a_String","LeetCodePatternsVisualCombo/Two Pointers/leetcode_two_pointers_java_25/LC345_Reverse_Vowels_of_a_String/24.12.2025_11.19.57_REC.mp4"
"349","LC349_Intersection_of_Two_Arrays","LeetCodePatternsVisualCombo/Two Pointers/leetcode_two_pointers_java_25/LC349_Intersection_of_Two_Arrays/24.12.2025_11.22.48_REC.mp4"
"455","LC455_Assign_Cookies","LeetCodePatternsVisualCombo/Two Pointers/leetcode_two_pointers_java_25/LC455_Assign_Cookies/24.12.2025_11.25.10_REC.mp4"
"680","LC680_Valid_Palindrome_II","LeetCodePatternsVisualCombo/Two Pointers/leetcode_two_pointers_java_25/LC680_Valid_Palindrome_II/24.12.2025_11.31.19_REC.mp4"
"75","LC75_Sort_Colors","LeetCodePatternsVisualCombo/Two Pointers/leetcode_two_pointers_java_25/LC75_Sort_Colors/24.12.2025_10.54.33_REC.mp4"
"80","LC80_Remove_Duplicates_from_Sorted_Array_II","LeetCodePatternsVisualCombo/Two Pointers/leetcode_two_pointers_java_25/LC80_Remove_Duplicates_from_Sorted_Array_II/19.12.2025_17.29.46_REC.mp4"
"844","LC844_Backspace_String_Compare","LeetCodePatternsVisualCombo/Two Pointers/leetcode_two_pointers_java_25/LC844_Backspace_String_Compare/24.12.2025_11.33.44_REC.mp4"
"881","LC881_Boats_to_Save_People","LeetCodePatternsVisualCombo/Two Pointers/leetcode_two_pointers_java_25/LC881_Boats_to_Save_People/24.12.2025_11.37.09_REC.mp4"
"88","LC88_Merge_Sorted_Array","LeetCodePatternsVisualCombo/Two Pointers/leetcode_two_pointers_java_25/LC88_Merge_Sorted_Array/24.12.2025_10.57.45_REC.mp4"
"905","LC905_Sort_Array_By_Parity","LeetCodePatternsVisualCombo/Two Pointers/leetcode_two_pointers_java_25/LC905_Sort_Array_By_Parity/24.12.2025_11.39.22_REC.mp4"
"925","LC925_Long_Pressed_Name","LeetCodePatternsVisualCombo/Two Pointers/leetcode_two_pointers_java_25/LC925_Long_Pressed_Name/24.12.2025_11.41.29_REC.mp4"
"977","LC977_Squares_of_a_Sorted_Array","LeetCodePatternsVisualCombo/Two Pointers/leetcode_two_pointers_java_25/LC977_Squares_of_a_Sorted_Array/24.12.2025_11.45.19_REC.mp4"
"986","LC986_Interval_List_Intersections","LeetCodePatternsVisualCombo/Two Pointers/leetcode_two_pointers_java_25/LC986_Interval_List_Intersections/24.12.2025_11.48.07_REC.mp4"
